Rank,Team,Conf,Record,AdjEM,AdjO,AdjO_R,AdjD,AdjD_R,AdjT,AdjT_R,Luck,Luck_R,SoS_AdjEM,SoS_AdjEM_R,OppO,OppO_R,OppD,OppD_R,NC_AdjEM,NC_AdjEM_R,Year
1,Kansas,B12,28-3,30.23,115.8,8,85.5,2,67.3,233,0.04,79,12.66,2,107.4,26,94.7,1,9.58,10,2020
2,Gonzaga,WCC,31-2,26.95,121.3,1,94.4,43,71.9,35,0.05,50,2.42,109,103.5,115,101,99,-2.09,245,2020
3,Baylor,B12,26-4,25.49,113.5,17,88.1,4,66.2,277,0.016,144,10.2,27,106.4,39,96.2,11,1.38,132,2020
4,Dayton,A10,29-2,24.93,119.1,2,94.1,38,67.6,220,0.002,180,2.74,105,104.1,103,101.3,105,-0.74,203,2020
5,Duke,ACC,25-6,24.62,115.7,9,91.1,12,72,34,-0.009,209,7.28,54,106,53,98.7,58,2.6,85,2020
6,San Diego St,MWC,30-2,24.48,115.1,11,90.6,10,64.6,332,-0.008,204,2.98,101,105.3,76,102.3,136,-1.8,239,2020
7,Michigan St,B10,22-9,24.03,115.2,10,91.2,13,69.1,130,-0.012,217,12.04,7,108.6,5,96.5,14,1.83,109,2020
8,Ohio St,B10,21-10,22.23,114.3,13,92,19,66.2,280,-0.038,280,11.1,16,108,15,96.9,20,-1.31,225,2020
9,Louisville,ACC,24-7,21.36,114.5,12,93.1,30,67.1,242,-0.003,193,7.1,58,105.3,75,98.2,48,-1.09,216,2020
10,West Virginia,B12,21-10,21.26,108.3,67,87.1,3,69.4,112,-0.028,260,11.28,15,107.2,27,95.9,8,5.8,32,2020
11,Maryland,B10,24-7,21.12,113.5,18,92.4,22,67,245,0.037,87,11.35,13,107.9,16,96.6,15,-0.44,192,2020
12,Creighton,BE,24-7,20.93,118.2,3,97.3,78,68.3,178,0.072,23,10.72,21,107.9,18,97.2,22,2.69,81,2020
13,BYU,WCC,24-8,20.68,116.3,7,95.6,60,69.5,108,-0.028,259,6.06,74,106,49,100,86,7.4,20,2020
14,Houston,Amer,23-8,20.39,112.7,22,92.3,21,65.7,300,-0.052,308,6.33,68,104.2,99,97.9,38,2.56,88,2020
15,Florida St,ACC,26-5,20.22,111.7,32,91.5,15,69.9,89,0.065,37,7.96,48,106.3,44,98.4,53,1.22,140,2020
16,Michigan,B10,19-12,20.12,113.2,20,93,28,68.7,150,-0.048,301,12.79,1,110.2,1,97.4,27,2,105,2020
17,Oregon,P12,24-7,20,117.1,6,97.1,76,65,319,0.023,120,8.15,42,105.6,62,97.4,30,4.11,54,2020
18,Villanova,BE,24-7,19.98,113.9,15,94,36,66.2,275,0.082,16,10.88,17,108.2,10,97.3,25,4.22,51,2020
19,Arizona,P12,21-11,19.6,111,35,91.4,14,69.3,115,-0.077,327,7.72,50,106.5,38,98.8,62,2.41,92,2020
20,Seton Hall,BE,21-9,19.54,112.3,29,92.7,25,69.8,93,0.006,169,11.48,12,108.4,7,96.9,19,4.86,41,2020
21,Texas Tech,B12,18-13,19.28,109.8,47,90.5,9,67.3,236,-0.113,346,8.74,37,106,51,97.3,24,-3.87,296,2020
22,Wisconsin,B10,21-10,18.95,110.8,40,91.9,17,63.7,342,0.031,102,11.74,10,108.7,2,96.9,21,1.61,120,2020
23,Iowa,B10,20-11,18.65,117.3,5,98.6,97,70.2,77,0.005,172,12.28,4,108.6,3,96.3,13,2.4,93,2020
24,Purdue,B10,16-15,18.57,109.3,50,90.8,11,64.6,333,-0.104,342,12.19,6,108.4,6,96.3,12,2.78,77,2020
25,Butler,BE,22-9,18.39,112.6,25,94.2,42,63.7,341,0.032,101,10.22,26,107.6,22,97.4,28,1.07,144,2020
26,Penn St,B10,21-10,17.91,110.3,43,92.4,23,70.9,54,0.014,149,10.72,22,108.1,11,97.4,29,-4.2,304,2020
27,Minnesota,B10,15-16,17.83,112.1,30,94.2,41,66.8,257,-0.13,351,12.38,3,108.6,4,96.2,10,2.88,76,2020
28,Rutgers,B10,20-11,17.72,107.9,72,90.2,6,67.4,231,-0.042,286,9.88,31,107.4,25,97.5,32,-4.44,309,2020
29,Kentucky,SEC,25-6,17.6,112.7,24,95.1,52,67.7,215,0.018,138,6.37,66,105.9,57,99.6,78,-0.87,207,2020
30,Illinois,B10,21-10,17.23,110.9,38,93.7,35,66,288,0.022,123,10.38,25,107.7,20,97.3,26,-5.83,333,2020
31,Marquette,BE,18-12,17.19,114,14,96.9,73,70.7,60,-0.046,293,10.78,20,107.6,21,96.9,18,2.13,100,2020
32,Florida,SEC,19-12,16.79,112.5,27,95.7,61,64.9,326,-0.047,296,8.82,36,107.8,19,98.9,67,6.92,23,2020
33,Auburn,SEC,25-6,15.91,111.4,33,95.5,55,69.2,127,0.103,7,6.7,62,107,32,100.3,90,1.38,133,2020
34,Indiana,B10,20-12,15.73,108.5,65,92.7,26,67.9,206,0.016,143,10.71,23,108.3,8,97.6,35,-0.6,198,2020
35,Colorado,P12,21-11,15.71,109.1,54,93.4,32,68.2,188,-0.01,213,7.42,52,105.5,66,98,43,2.77,78,2020
36,Oklahoma,B12,19-12,15.7,108.8,58,93.1,29,69.6,98,0.031,103,12.22,5,107.5,24,95.3,3,5.86,30,2020
37,LSU,SEC,21-10,15.62,118.1,4,102.4,179,70,84,-0.02,237,7.18,56,105.8,61,98.6,55,2.01,103,2020
38,St Mary's CA,WCC,26-8,15.19,113.7,16,98.5,96,63.9,339,0.055,46,4.46,88,105.4,70,100.9,97,-0.32,188,2020
39,Wichita St,Amer,23-8,15.19,105.6,117,90.4,8,69.5,101,0.041,78,4.78,81,103.7,109,98.9,66,-1.25,223,2020
40,Providence,BE,19-12,15,107.8,75,92.8,27,68.4,171,-0.008,205,8.85,35,106.7,37,97.8,37,-1.12,217,2020
41,Utah St,MWC,26-8,14.92,109.5,49,94.6,48,67.4,229,0.034,94,3.09,100,105,81,101.9,122,1.55,124,2020
42,Virginia,ACC,23-7,14.22,99.3,234,85.1,1,59.4,353,0.109,6,6.93,60,105.6,63,98.7,57,-3.7,292,2020
43,Stanford,P12,20-12,14.11,104.4,143,90.3,7,68.3,183,-0.08,330,4.97,79,104.2,101,99.2,71,-4.02,301,2020
44,Cincinnati,Amer,20-10,14.02,108.8,59,94.7,51,68,199,-0.013,220,6.52,65,104.4,94,97.9,39,3.6,64,2020
45,Xavier,BE,19-13,13.9,106.1,103,92.2,20,68.1,191,-0.013,222,9.93,30,108.3,9,98.4,52,1.74,112,2020
46,Richmond,A10,24-7,13.87,109.2,53,95.3,54,69.3,124,0.044,69,1.86,115,104.2,98,102.4,142,-0.95,211,2020
47,Arkansas,SEC,20-12,13.59,109.1,55,95.5,57,71.2,45,-0.047,298,6.53,64,106.7,36,100.2,88,1.28,136,2020
48,Mississippi St,SEC,20-11,13.57,113.4,19,99.8,119,66.2,276,-0.001,187,6.27,70,106,50,99.7,83,0.07,178,2020
49,Northern Iowa,MVC,25-6,13.43,112.7,23,99.3,108,65.8,299,0.019,134,0.97,124,102.6,146,101.6,114,1.26,138,2020
50,NC State,ACC,20-12,13.39,110.7,42,97.3,79,69.5,103,-0.02,236,7.04,59,105.4,73,98.3,50,-2.93,271,2020
51,Syracuse,ACC,18-14,13.28,112.8,21,99.6,116,68.3,179,-0.06,315,6.7,61,105.6,65,98.9,64,-1.28,224,2020
52,Connecticut,Amer,19-12,12.97,108.6,64,95.6,59,68.5,167,-0.077,325,4.52,86,103.1,124,98.6,54,-1.69,233,2020
53,Oklahoma St,B12,18-14,12.73,107.2,84,94.5,46,68.4,173,0.034,96,11.31,14,107.1,28,95.8,5,4.17,53,2020
54,Washington,P12,15-17,12.67,105.8,112,93.1,31,69.8,96,-0.157,353,7.6,51,105.4,72,97.8,36,1.03,148,2020
55,USC,P12,22-9,12.35,104.3,145,92,18,68.9,139,0.083,15,6.32,69,105.2,78,98.8,63,-1.48,229,2020
56,ETSU,SC,30-4,12.23,108.2,69,96,65,66.1,281,0.067,33,-1.96,201,103,129,105,273,-0.64,199,2020
57,Notre Dame,ACC,20-12,12.09,110.7,41,98.6,100,68.1,190,-0.021,239,5.02,78,104.9,85,99.9,84,-8.69,348,2020
58,Yale,Ivy,23-7,11.57,107.9,73,96.4,67,67.4,227,-0.026,253,0.22,143,102.1,179,101.9,120,3.64,63,2020
59,Memphis,Amer,21-10,11.53,100.6,210,89.1,5,72.6,28,0.025,116,4.81,80,104.5,91,99.7,81,-2.18,247,2020
60,Alabama,SEC,16-15,11.5,111,37,99.5,114,74.8,4,-0.076,324,7.83,49,106.9,33,99.1,69,3.96,59,2020
61,Texas,B12,19-12,11.46,104.1,153,92.6,24,65.9,292,0.089,12,10.04,29,106.9,35,96.8,17,-0.3,187,2020
62,St Louis,A10,23-8,11.41,105.8,111,94.4,44,67.6,219,0.026,111,1.83,116,103.1,125,101.2,101,-1.72,236,2020
63,Arizona St,P12,20-11,11.3,106,108,94.7,49,73.2,14,0.069,28,8.22,41,106.4,41,98.1,47,2.65,82,2020
64,Georgia Tech,ACC,17-14,11.26,103.1,171,91.8,16,70,88,-0.006,200,9.42,34,107,31,97.6,34,4.04,58,2020
65,Rhode Island,A10,21-9,11.06,105.2,126,94.2,39,71.2,46,0.068,32,4.64,83,105,79,100.4,92,4.07,57,2020
66,St John's,BE,17-15,10.92,106.1,104,95.2,53,72.9,21,-0.037,278,8.27,40,106.3,46,98,42,-5.52,328,2020
67,Georgetown,BE,15-17,10.82,111,36,100.2,125,70,87,-0.049,302,10.86,18,108.1,14,97.2,23,1.5,126,2020
68,Tennessee,SEC,17-14,10.8,106.6,96,95.8,62,65.2,313,-0.02,235,8.11,45,106.2,47,98.1,45,2.75,79,2020
69,South Carolina,SEC,18-13,10.66,105.4,122,94.7,50,73.1,17,-0.023,247,6.1,72,105.4,68,99.3,72,-0.56,196,2020
70,Davidson,A10,16-14,10.62,112.5,26,101.9,163,64.8,330,-0.094,339,3.66,93,103.1,122,99.5,74,2.91,74,2020
71,Louisiana Tech,CUSA,22-8,10.47,108.7,60,98.2,90,66.5,266,-0.023,246,-1.65,192,101.7,206,103.3,187,-4.54,312,2020
72,Clemson,ACC,16-15,10.42,103.9,155,93.5,33,66,290,-0.043,289,8.15,44,106.3,45,98.1,46,-1.7,235,2020
73,VCU,A10,18-13,10.29,104.7,138,94.4,45,69,134,-0.064,320,3.55,94,104.2,102,100.6,94,-1.01,213,2020
74,San Francisco,WCC,22-12,10.13,108.3,68,98.2,88,68.7,155,-0.006,201,2.96,102,104.4,92,101.5,110,-1.43,226,2020
75,N Colorado,BSky,22-9,10.12,110.2,45,100.1,122,65,320,-0.035,274,-2.29,213,101.1,229,103.4,193,1.74,113,2020
76,Vermont,AE,26-7,10.1,106.5,98,96.4,68,66.3,273,-0.027,257,-5.44,280,98.7,319,104.2,234,1.8,110,2020
77,North Texas,CUSA,20-11,9.97,111.2,34,101.2,146,62.9,350,-0.032,268,1.92,113,102.5,152,100.6,93,6.11,28,2020
78,UCLA,P12,19-12,9.92,109.3,51,99.4,112,64.9,325,0.047,59,7.16,57,105.5,67,98.3,49,-0.73,202,2020
79,Liberty,ASun,30-4,9.68,106.1,107,96.4,69,61.5,352,0.023,119,-9,345,98.3,331,107.3,347,-5.13,322,2020
80,Tulsa,Amer,21-10,9.65,103.2,168,93.6,34,65.8,297,0.076,19,3.19,98,103.5,116,100.3,89,-4.68,315,2020
81,Furman,SC,25-7,9.59,107.7,78,98.1,85,68.2,187,0.041,75,-0.81,170,102.9,132,103.8,207,1.74,114,2020
82,Akron,MAC,24-7,9.54,108.5,66,98.9,103,69.4,110,0.022,124,-1.21,180,101.3,224,102.5,151,-1.88,242,2020
83,Boise St,MWC,20-12,9.4,107,88,97.6,81,69.1,133,0.025,115,4.28,89,105,82,100.7,95,1.32,135,2020
84,North Carolina,ACC,14-19,9.36,107.7,77,98.4,94,70.4,67,-0.05,304,10.39,24,107.9,17,97.5,33,7.39,21,2020
85,Nevada,MWC,19-12,9.32,110.3,44,101,141,71,50,-0.007,203,2.68,106,104.3,97,101.6,115,2,104,2020
86,TCU,B12,16-16,9.31,105.5,119,96.1,66,65.1,318,-0.005,199,9.71,32,105.6,64,95.9,6,-1.05,214,2020
87,Oregon St,P12,18-13,8.93,110.9,39,102,165,65.6,305,-0.002,191,5.06,77,104.6,90,99.5,76,-5.88,334,2020
88,SMU,Amer,19-11,8.62,112.4,28,103.8,202,64.8,331,0.004,173,2.6,107,102.2,169,99.6,80,-4.81,317,2020
89,Iowa St,B12,20-Dec,8.35,109.6,48,101.2,147,69.9,90,-0.092,337,11.89,9,107,30,95.2,2,2.61,84,2020
90,Kansas St,B12,21-Nov,8.25,102.5,177,94.2,40,67.2,239,-0.129,348,10.83,19,106.4,40,95.5,4,1.48,127,2020
91,New Mexico St,WAC,25-6,8.14,107.6,80,99.4,113,63.5,343,0.06,42,-4.86,261,99.7,284,104.6,254,1.26,139,2020
92,UNC Greensboro,SC,23-9,8.12,103.7,160,95.5,58,67.8,210,-0.009,208,-1.77,196,102.2,168,104,224,-1.46,228,2020
93,Texas St,SB,21-11,7.91,106.3,101,98.3,93,65.2,312,-0.05,303,-0.69,167,102,184,102.7,162,0.28,173,2020
94,DePaul,BE,16-16,7.9,103.4,165,95.5,56,70.6,63,0.022,126,10.11,28,108.1,12,98,41,-2.38,252,2020
95,Duquesne,A10,21-9,7.58,106.6,94,99,104,67.8,211,0.049,54,0.52,133,102.8,138,102.3,137,-5.04,320,2020
96,Georgia,SEC,16-16,7.44,108.2,71,100.8,136,70.5,64,-0.017,232,8.15,43,106.9,34,98.7,59,1.66,117,2020
97,Missouri,SEC,15-16,7.44,104.1,150,96.7,71,66.5,267,-0.057,313,7.22,55,106,52,98.8,61,0.12,175,2020
98,UNLV,MWC,17-15,7.28,107.9,74,100.6,133,67,247,-0.019,234,3.75,92,104.6,89,100.9,96,1.02,150,2020
99,Colorado St,MWC,20-12,7.15,109.3,52,102.1,172,69.3,116,0.045,66,2.91,104,104.4,93,101.5,112,1.71,115,2020
100,SF Austin,Slnd,28-3,7,104.1,152,97.1,75,71.8,39,0.042,73,-8.13,338,98.6,325,106.7,337,0.55,162,2020
101,Loyola-Chicago,MVC,21-11,6.87,103.7,159,96.8,72,65.3,311,0.006,167,-0.19,150,102.4,153,102.6,155,-3.32,281,2020
102,Mississippi,SEC,15-17,6.72,103.7,158,97,74,68,196,-0.042,285,6.58,63,106.1,48,99.5,77,-3.68,291,2020
103,Wake Forest,ACC,13-18,6.7,108.7,61,102,166,70.1,79,-0.034,271,8.52,38,106,55,97.4,31,0.91,153,2020
104,Miami FL,ACC,15-16,6.39,107.7,79,101.3,149,68.3,180,0.034,92,9.57,33,106.3,43,96.8,16,1.07,145,2020
105,Virginia Tech,ACC,16-16,6.33,104.3,147,98,82,65.5,309,-0.04,283,6.34,67,105.3,74,99,68,-9.83,351,2020
106,UC Irvine,BW,21-11,6.11,105.4,121,99.3,109,67.7,212,-0.064,319,-2.29,212,101.1,230,103.4,192,2.91,75,2020
107,Bradley,MVC,23-11,6.09,106.8,92,100.7,134,67.1,244,0.036,89,-0.51,161,101.6,209,102.2,129,-4.1,303,2020
108,Hofstra,CAA,26-8,6.06,108.7,62,102.6,187,67.9,202,0.064,39,-4.37,248,101.1,228,105.5,295,-4.39,308,2020
109,Belmont,OVC,26-7,6.02,106.5,97,100.5,132,70.5,65,0.012,155,-7.08,324,99,314,106,315,-2.73,262,2020
110,Harvard,Ivy,21-8,5.69,104.7,137,99,105,68.8,148,0.039,80,-0.95,175,102,186,102.9,168,0.3,168,2020
111,Pittsburgh,ACC,16-17,5.65,104,154,98.3,91,65.5,308,0.001,182,7.32,53,105.4,71,98.1,44,-4.01,300,2020
112,N Dakota St,Sum,25-8,5.56,106.8,91,101.2,148,66,287,0.032,99,-3.91,239,101.8,193,105.7,308,-1.84,240,2020
113,WKU,CUSA,20-10,5.56,108.9,56,103.3,196,68.3,176,0.023,122,0.85,126,102.3,161,101.4,106,1.02,149,2020
114,Utah,P12,16-15,5.56,106.3,100,100.8,135,66.7,260,0.029,107,8.33,39,107.1,29,98.8,60,2.26,98,2020
115,Temple,Amer,14-17,5.49,100.1,217,94.6,47,70.3,73,-0.052,307,6.19,71,104.8,86,98.6,56,2.93,73,2020
116,Ball St,MAC,18-13,5.25,99.2,235,94,37,68,200,-0.089,335,-2.22,208,101.1,226,103.4,190,-4.52,311,2020
117,UCF,Amer,16-14,4.88,103.5,162,98.6,98,67.8,208,0.002,179,3.18,99,103.3,118,100.1,87,-3.56,286,2020
118,Colgate,Pat,25-9,4.73,107.2,86,102.5,182,68.5,168,0.02,132,-6.14,300,100.6,246,106.7,341,-0.89,209,2020
119,S Dakota St,Sum,22-10,4.72,110,46,105.3,241,68,201,-0.022,242,-4.79,259,100.7,242,105.5,291,-3.54,285,2020
120,Pacific,WCC,23-10,4.7,103.8,156,99.1,107,64.9,323,0.072,24,-1.29,182,101.9,190,103.2,179,-7.9,346,2020
121,Missouri St,MVC,16-17,4.69,104.8,133,100.2,124,68.3,181,-0.083,333,0.84,127,103,127,102.2,132,-1.22,222,2020
122,Indiana St,MVC,18-12,4.59,105.8,113,101.2,145,66.4,270,0.043,72,2.19,112,103.7,110,101.5,108,2.74,80,2020
123,St Bonaventure,A10,19-12,4.37,106.6,95,102.2,174,65.7,301,0.052,49,1.24,123,102.6,147,101.3,104,-0.71,200,2020
124,E Washington,BSky,23-8,4.32,105.4,120,101.1,142,73.1,18,0.121,4,-1.53,190,102,185,103.5,197,3.14,71,2020
125,South Florida,Amer,14-17,4.29,100.2,214,95.9,63,64.9,324,-0.047,297,4.52,85,103.4,117,98.9,65,-2.74,263,2020
126,Georgia St,SB,19-13,4.29,105.6,115,101.4,156,73,19,-0.035,273,0.56,132,102.7,142,102.2,130,4.84,42,2020
127,Washington St,P12,16-16,4.22,102.2,182,98,83,70.8,59,-0.002,192,4.53,84,103.6,112,99.1,70,-8.19,347,2020
128,Kent,MAC,20-12,4.06,106.1,105,102.1,167,68.9,143,-0.011,214,-1.26,181,102.1,178,103.4,191,-3.61,289,2020
129,Ark Little Rock,SB,21-10,3.93,106.4,99,102.5,184,69.3,125,0.069,29,-0.59,162,102.1,180,102.7,156,1.35,134,2020
130,UT Arlington,SB,14-18,3.87,102.3,180,98.4,95,67.7,214,-0.13,349,2.34,111,104.7,87,102.4,141,11.6,8,2020
131,Texas A&M,SEC,16-14,3.77,101,203,97.2,77,64.5,334,0.098,10,6.1,73,105.8,60,99.7,82,-3.2,278,2020
132,Northwestern,B10,23-Aug,3.61,104.9,131,101.3,150,66.7,259,-0.087,334,11.64,11,107.5,23,95.9,7,-2.56,258,2020
133,Wright St,Horz,25-7,3.47,104.9,132,101.4,157,72.1,31,0.033,97,-6.8,315,99.7,286,106.5,332,-5.49,327,2020
134,Georgia Southern Univ,SB,20-13,3.39,102.2,184,98.8,102,71.8,41,0.005,170,-0.35,157,102.9,133,103.3,181,1.11,142,2020
135,Oral Roberts,Sum,17-14,3.34,108.2,70,104.9,231,70.4,68,-0.103,341,-0.49,160,104.4,95,104.9,268,12.03,6,2020
136,Murray St,OVC,23-9,3.15,102.4,178,99.3,110,68.9,144,-0.03,263,-7.75,329,99.1,311,106.8,342,-5.57,329,2020
137,Montana,BSky,18-13,3.08,103.2,169,100.1,123,68.2,185,0.019,137,-1.01,176,102.1,177,103.1,174,5.25,35,2020
138,New Mexico,MWC,19-14,2.88,105.3,125,102.4,178,71.8,38,0.044,70,1.5,118,105,80,103.5,198,-3.24,280,2020
139,Pepperdine,WCC,16-16,2.87,107.2,85,104.4,217,70.8,57,0.034,95,3.22,97,104.3,96,101.1,100,0.3,170,2020
140,Winthrop,BSth,24-10,2.65,104.7,136,102.1,169,71.9,36,-0.044,292,-8.04,336,99.9,274,107.9,351,3.54,65,2020
141,Penn,Ivy,16-11,2.63,103.4,163,100.8,137,70.2,76,0.025,117,0.42,134,102.6,148,102.1,128,3.2,70,2020
142,Northeastern,CAA,17-16,2.19,105.4,123,103.2,192,65.9,291,-0.113,345,-3.51,233,102,181,105.6,297,-2.89,269,2020
143,Marshall,CUSA,17-15,2.11,101.2,199,99.1,106,74.9,3,-0.037,277,-0.16,149,102.8,139,103,169,0.6,160,2020
144,N Kentucky,Horz,23-9,2.11,102,191,99.8,120,65.7,304,0.074,20,-5.16,270,100,267,105.2,279,-0.21,185,2020
145,Siena,MAAC,20-10,2.06,107.2,87,105.1,236,66.7,261,-0.001,189,-5.42,277,98.3,329,103.7,205,0.29,171,2020
146,Valparaiso,MVC,19-16,2.06,104.5,141,102.5,181,69.3,123,0.02,128,1.39,120,103,128,101.6,116,0.08,177,2020
147,Chattanooga,SC,20-13,1.87,106.6,93,104.8,225,67,248,0.025,114,-1.7,194,101.6,210,103.3,188,-3.57,287,2020
148,Buffalo,MAC,20-12,1.84,104.1,151,102.3,175,73.9,8,0.045,64,-0.62,164,102.4,155,103.1,172,-1.49,230,2020
149,FIU,CUSA,19-13,1.58,103.7,157,102.1,170,72.2,30,0.01,161,-0.82,171,101.6,212,102.4,145,-4.61,314,2020
150,Princeton,Ivy,14-13,1.5,107,89,105.5,243,66.3,274,-0.025,251,-0.66,165,101.7,200,102.4,143,0.27,174,2020
151,Santa Clara,WCC,20-13,1.22,102.6,176,101.3,154,71.6,42,0.049,52,-1.84,199,101.7,202,103.6,199,-11.52,352,2020
152,Toledo,MAC,17-15,1.14,106.3,102,105.1,237,68.1,193,-0.057,312,-1.36,186,101.4,219,102.8,165,-2,243,2020
153,California,P12,14-18,1.1,101.5,195,100.4,130,65.2,315,0.09,11,8.03,46,106.4,42,98.3,51,1.84,108,2020
154,Wofford,SC,19-16,1.08,104.5,142,103.4,197,65.9,293,-0.019,233,-1.03,178,102.3,163,103.3,185,-1.8,238,2020
155,South Alabama,SB,20-11,1.05,104.9,130,103.9,209,65.3,310,0.063,40,-1.01,177,102,182,103.1,171,-0.54,195,2020
156,Western Carolina,SC,19-12,1.04,107.3,83,106.3,263,71.5,43,0.049,53,-0.93,174,102.2,171,103.2,177,-1.67,232,2020
157,Fresno St,MWC,19-Nov,1.03,105.1,127,104.1,214,64.2,338,-0.117,347,2.92,103,105.2,77,102.3,138,0.4,165,2020
158,Towson,CAA,19-13,0.87,105.7,114,104.8,226,65.1,317,0.014,152,-2.19,207,102.5,149,104.7,259,0.97,151,2020
159,Boston Univ,Pat,21-13,0.78,103.3,166,102.6,186,66.3,272,0.002,177,-4.98,264,100.6,245,105.6,300,0.04,180,2020
160,UC Santa Barbara,BW,21-10,0.76,106.1,106,105.3,242,64.5,335,0.022,125,-4.63,253,100,266,104.7,258,-2.9,270,2020
161,Southern Univ Utah,BSky,17-15,0.7,98.8,240,98.1,86,69.3,118,-0.063,317,-1.85,200,101.9,189,103.8,206,2.51,91,2020
162,Nebraska,B10,25-Jul,0.64,102,190,101.3,152,73.1,16,-0.047,299,11.96,8,108.1,13,96.1,9,-1.05,215,2020
163,Drake,MVC,20-14,0.62,102,189,101.3,155,67.9,204,0.065,36,0.39,135,102.9,134,102.5,147,-5.3,324,2020
164,Charlotte,CUSA,16-13,0.45,98.5,247,98,84,65.5,307,0.008,164,-1.31,183,102,183,103.3,189,-5.42,326,2020
165,Massachusetts,A10,14-17,0.43,102.9,174,102.5,185,68.6,161,0.012,153,4.2,90,103.6,111,99.4,73,1.15,141,2020
166,North Florida,ASun,21-12,0.37,112,31,111.6,324,69.4,111,0.034,93,-4.23,245,99.8,277,104.1,228,6.98,22,2020
167,Ohio,MAC,17-15,0.36,103.6,161,103.3,195,68,195,-0.01,212,-0.67,166,102.2,173,102.9,167,-1.18,219,2020
168,Bowling Green,MAC,21-10,0.33,104.3,146,104,210,70.1,81,0.142,1,-0.24,151,102.3,165,102.5,149,-2.44,254,2020
169,Vanderbilt,SEC,21-Nov,0.14,104.7,139,104.5,221,69.4,109,-0.061,316,5.97,75,105.9,58,100,85,-5.62,330,2020
170,Charleston,CAA,17-14,0.08,105,129,104.9,229,65.9,295,-0.004,196,-1.32,184,102.8,135,104.2,233,3.69,62,2020
171,Old Dominion,CUSA,13-19,-0.02,98.3,249,98.3,92,66.4,268,-0.091,336,0.03,146,102.3,167,102.2,133,1.39,131,2020
172,Austin Peay,OVC,21-12,-0.02,106.9,90,107,275,67.8,209,0.032,100,-5.29,273,100.1,264,105.4,284,3.47,67,2020
173,Portland St,BSky,18-14,-0.03,108.8,57,108.8,306,71.8,40,0,183,-1.81,197,101.5,217,103.3,184,0.3,169,2020
174,George Mason,A10,17-15,-0.04,101.3,197,101.3,153,67,246,0.056,44,0.32,138,102.4,160,102,125,-6.46,341,2020
175,Appalachian St,SB,18-15,-0.27,99.9,220,100.2,127,67.2,240,0.041,77,0.64,130,103.1,126,102.4,146,1.61,121,2020
176,St Francis PA,NEC,22-10,-0.32,107.6,81,107.9,290,68.9,138,0.037,86,-6.85,317,99,312,105.9,314,0.03,181,2020
177,South Dakota,Sum,20-12,-0.36,108.6,63,108.9,307,70,85,0.011,159,-3.99,241,101.4,221,105.4,286,-2.78,268,2020
178,S Illinois,MVC,16-16,-0.41,98.2,252,98.6,99,64.2,337,-0.002,190,0.28,142,102.8,140,102.5,148,-3.73,293,2020
179,Boston College,ACC,13-19,-0.68,99.6,228,100.3,128,69.3,120,0.065,38,8.02,47,106,56,97.9,40,-1.74,237,2020
180,Delaware,CAA,22-11,-0.78,105.6,116,106.4,265,68.3,182,0.074,21,-4.18,243,101.4,222,105.6,299,-5.78,332,2020
181,La Salle,A10,15-15,-0.81,99.6,226,100.4,129,69.1,131,0.057,43,1.36,121,102.8,136,101.5,109,-3.54,284,2020
182,Northern Illinois,MAC,18-13,-1.03,99.8,222,100.8,138,64.8,329,0.044,68,-2.25,209,101.7,204,104,220,-5.93,335,2020
183,Sacramento St,BSky,16-14,-1.1,97.1,268,98.2,87,63.9,340,-0.026,252,-2.36,214,101.7,201,104.1,230,-0.32,189,2020
184,Abilene Chr,Slnd,20-11,-1.14,99.1,239,100.2,126,68.4,172,-0.023,245,-7.05,323,99.6,292,106.6,335,5.58,33,2020
185,Tulane,Amer,18-Dec,-1.15,101.9,192,103.1,191,68.7,154,-0.014,225,3.24,96,102.8,137,99.6,79,-5.36,325,2020
186,Radford,BSth,21-11,-1.17,105.6,118,106.8,272,64.3,336,0.026,112,-5.96,293,100.9,238,106.8,343,7.52,19,2020
187,Rider,MAAC,18-12,-1.19,100.9,204,102.1,171,71.1,49,0.036,90,-5.29,272,98.3,330,103.6,202,-0.94,210,2020
188,UTEP,CUSA,17-15,-1.28,96.9,273,98.2,89,67.5,224,-0.005,197,-0.61,163,101.7,199,102.4,140,1.55,125,2020
189,UAB,CUSA,19-13,-1.32,100.8,205,102.1,173,65.7,302,0.048,57,-2.46,216,100.1,259,102.6,154,-5.65,331,2020
190,Coastal Car,SB,16-17,-1.33,104.8,134,106.2,261,72.8,26,-0.033,270,-0.29,154,102.3,166,102.6,152,-3.87,295,2020
191,FL Atlantic,CUSA,17-15,-1.66,99.7,225,101.3,151,68.8,146,-0.001,188,-1.38,188,101.4,223,102.7,163,-3.81,294,2020
192,Stony Brook,AE,20-13,-1.74,97.7,260,99.4,111,69.8,92,0.021,127,-4.66,255,99.2,305,103.8,211,1.61,119,2020
193,Nicholls St,Slnd,21-10,-1.82,99.7,223,101.5,158,68.7,158,0.05,51,-6.25,303,99.9,269,106.2,322,11.95,7,2020
194,St Peter's,MAAC,18-12,-1.98,95.4,300,97.3,80,68,197,0.023,121,-5.99,296,99.1,307,105.1,276,-3.63,290,2020
195,William & Mary,CAA,21-11,-2.17,103.3,167,105.5,244,67.5,222,0.132,3,-3.09,226,102.2,175,105.3,283,-1.14,218,2020
196,Eastern Michigan,MAC,16-16,-2.34,94.2,318,96.6,70,66.8,254,0.028,109,1.46,119,103.7,106,102.2,135,3.13,72,2020
197,Air Force,MWC,20-Dec,-2.49,107.8,76,110.3,316,68.8,147,-0.059,314,2.4,110,103.9,105,101.5,111,-3,273,2020
198,Mercer,SC,17-15,-2.61,100.1,216,102.7,188,68.1,192,0.014,148,-2.16,206,101.8,194,104,221,-4.91,319,2020
199,Rice,CUSA,15-17,-2.62,105.8,110,108.4,301,70.1,80,-0.004,194,-0.91,173,101.7,208,102.6,153,-0.86,206,2020
200,Sacred Heart,NEC,20-13,-2.64,102.2,185,104.8,227,68.7,152,0.019,136,-7.26,326,99.3,302,106.5,333,-3.97,298,2020
201,Monmouth NJ,MAAC,18-13,-2.72,99.1,238,101.8,162,72.6,27,0.061,41,-5.21,271,98.7,320,103.9,217,-1.21,221,2020
202,Cal Baptist,WAC,21-10,-2.73,105.3,124,108.1,295,68.6,162,0.029,104,-7.75,328,98.5,326,106.2,323,-6.96,344,2020
203,American Univ,Pat,16-14,-2.88,101.1,202,104,212,68.7,159,-0.033,269,-6.03,299,100.2,255,106.2,324,-3,274,2020
204,IL Chicago,Horz,18-17,-3.14,96.4,280,99.5,115,69.5,105,-0.004,195,-4.74,257,100.1,258,104.9,267,-0.51,193,2020
205,Dartmouth,Ivy,17-Dec,-3.18,96.7,276,99.9,121,65.8,298,-0.081,331,-1.62,191,101.1,231,102.7,161,-2.54,256,2020
206,Arkansas St,SB,16-16,-3.29,104.2,148,107.5,284,67.3,237,0.042,74,-0.47,159,102.4,159,102.8,166,-0.17,183,2020
207,Robert Morris,NEC,20-14,-3.29,100.5,212,103.8,205,66.1,282,0.027,110,-6.38,308,99.7,279,106.1,319,1.65,118,2020
208,Hawaii,BW,17-13,-3.34,97.6,261,101,140,68.4,170,0.029,106,-4.49,251,100.9,237,105.4,287,-3.06,275,2020
209,Loyola Marymount,WCC,21-Nov,-3.42,100.6,209,104,211,63,349,-0.022,240,3.4,95,105,83,101.6,113,-2.23,249,2020
210,UT San Antonio,CUSA,13-19,-3.84,104.2,149,108,293,72.8,24,-0.047,295,0.33,137,101.6,211,101.3,103,1.42,128,2020
211,UC Riverside,BW,17-15,-3.97,95.8,294,99.8,118,63.2,347,-0.029,261,-4.74,258,100.5,251,105.2,281,-3.9,297,2020
212,Sam Houston St,Slnd,18-13,-4.13,99.5,229,103.7,200,71.1,48,-0.028,258,-5.71,290,100.1,257,105.9,312,4.54,47,2020
213,Prairie View,SWAC,19-13,-4.16,96.3,282,100.5,131,70.7,61,-0.001,186,-7.97,333,96.3,348,104.3,243,9.36,11,2020
214,Seattle,WAC,14-15,-4.34,101.2,200,105.5,247,69.9,91,-0.051,306,-4.72,256,100.1,260,104.8,265,-2.76,267,2020
215,Northern Arizona,BSky,16-14,-4.35,102.3,179,106.7,269,66.6,265,0.071,25,-2,202,101.9,191,103.9,216,0.29,172,2020
216,C Michigan,MAC,14-18,-4.4,102,187,106.4,264,73.6,11,-0.036,276,0.65,129,102.7,144,102,126,1.94,107,2020
217,E Kentucky,Amer,20-Nov,-4.42,99.6,227,104,213,70.6,62,-0.01,210,1.25,122,101.5,215,100.3,91,-9.14,350,2020
218,Gardner Webb,BSth,16-16,-4.48,102.2,181,106.7,270,66.2,279,-0.047,294,-5.61,288,101.1,227,106.7,340,6.08,29,2020
219,Nebraska Omaha,Sum,16-16,-4.5,103.2,170,107.7,286,69.2,126,0.077,18,-0.24,152,104,104,104.3,238,4.54,48,2020
220,Illinois St,MVC,21-Oct,-4.55,98.4,248,102.9,190,68.5,169,-0.005,198,1.91,114,103.6,113,101.7,117,0.47,164,2020
221,Iona,MAAC,17-Dec,-4.56,101.6,194,106.1,260,68.7,156,-0.077,326,-5.1,268,98.4,328,103.5,195,0.72,155,2020
222,MTSU,BSky,16-15,-4.6,97,270,101.6,159,67.3,234,0.056,45,-1.39,189,102.4,157,103.8,210,0.73,154,2020
223,WI Green Bay,Horz,17-16,-4.64,105.8,109,110.5,319,74,7,0.045,67,-2.95,221,100.9,236,103.8,214,5,39,2020
224,Brown,Ivy,15-12,-4.69,96.4,278,101.1,143,69.4,113,0.12,5,-1.19,179,101.6,214,102.8,164,-2.12,246,2020
225,UC Davis,BW,14-18,-4.77,104.7,140,109.4,311,68,194,-0.024,250,-2.55,218,100.7,241,103.2,180,0.63,159,2020
226,Louisiana,SB,14-19,-4.89,101.3,196,106.2,262,71.8,37,0.02,131,-0.38,158,102.6,145,103,170,-1.69,234,2020
227,Merrimack,NEC,20-11,-4.89,93.9,325,98.8,101,63.2,348,0.137,2,-5.75,291,99.7,285,105.4,289,0.4,166,2020
228,Lafayette,Pat,19-12,-4.91,100.6,211,105.5,246,66.9,251,0.101,8,-5.07,267,101,233,106.1,316,-2.99,272,2020
229,Miami OH,MAC,13-19,-4.99,102,188,107,276,67.1,243,-0.022,243,-0.3,155,102.4,158,102.7,158,-3.35,282,2020
230,San Diego,WCC,23-Sep,-5.38,94.4,315,99.8,117,70.2,78,-0.032,267,4.48,87,105.4,69,101,98,1.42,130,2020
231,North Dakota,Sum,15-18,-5.49,102.2,183,107.7,287,68.9,145,0.038,83,0.35,136,104.2,100,103.8,212,6.91,24,2020
232,Youngstown St,Horz,18-15,-5.59,103,173,108.5,303,66.4,269,0.038,84,-5.48,283,99.9,271,105.4,285,-2.75,266,2020
233,CS Northridge,BW,15-17,-5.86,107.4,82,113.3,336,70.3,74,0.071,26,-0.7,168,102.5,150,103.2,178,4.63,46,2020
234,Bryant,NEC,15-17,-6.03,97.8,257,103.8,206,70.3,71,-0.055,310,-6.58,313,98.9,317,105.5,293,-2.2,248,2020
235,UMKC,WAC,16-14,-6.09,97.5,263,103.6,199,64.9,327,0.048,56,-3.7,236,101.8,195,105.5,294,2.57,86,2020
236,Lamar,Slnd,17-15,-6.16,96.3,283,102.5,180,69.6,99,0.003,176,-6.24,302,100.1,261,106.3,327,2.31,96,2020
237,W Michigan,MAC,13-19,-6.35,99.4,232,105.7,251,67.4,228,0.043,71,0.31,140,102.4,154,102.1,127,-1.46,227,2020
238,Eastern Illinois,OVC,17-15,-6.36,98.2,253,104.5,220,69.1,129,-0.05,305,-8.64,342,99,313,107.7,350,-6.08,337,2020
239,Oakland,Horz,14-19,-6.47,98.6,246,105,233,66.1,285,-0.014,223,-3.24,231,101.4,220,104.6,255,3.71,61,2020
240,Jacksonville,ASun,14-18,-6.52,96,290,102.5,183,66.6,262,-0.072,322,-5.52,285,99.7,282,105.2,280,-2.41,253,2020
241,G Washington,A10,20-Dec,-6.54,99.2,236,105.8,253,66.6,264,0.02,133,0.31,139,101.8,197,101.5,107,-6.19,339,2020
242,Bucknell,Pat,14-20,-6.68,96.2,285,102.9,189,69.5,107,0.004,174,-3.13,228,101.7,205,104.8,263,2.63,83,2020
243,Hartford,AE,18-15,-6.72,94.4,312,101.1,144,68.2,184,0.048,58,-6.45,310,99.2,303,105.7,303,-5.11,321,2020
244,Drexel,CAA,14-19,-6.76,100,219,106.7,271,67.3,235,0.002,178,-2.5,217,101.8,196,104.3,241,-1.01,212,2020
245,Fordham,A10,22-Sep,-6.79,89.1,347,95.9,64,64.8,328,-0.1,340,-2.59,219,101.2,225,103.8,208,-13.52,353,2020
246,Wyoming,MWC,24-Sep,-6.79,94.1,322,100.9,139,66.7,258,-0.017,231,3.99,91,105.9,59,101.9,121,-3.15,277,2020
247,Lipscomb,ASun,16-16,-6.86,101.2,201,108,292,68.7,153,0.053,48,-3.92,240,99.9,270,103.8,213,2.56,87,2020
248,New Hampshire,AE,15-15,-7.11,95,304,102.1,168,68.6,163,0.011,157,-5.88,292,99.1,306,105,275,-3.57,288,2020
249,UT Rio Grande Valley,WAC,14-16,-7.32,98.7,244,106,256,70.4,66,-0.013,221,-3.2,229,101.5,216,104.7,261,4.75,43,2020
250,Southern Univ,SWAC,17-15,-7.57,97.2,267,104.8,224,66.8,256,0.006,168,-8.34,340,96.6,345,105,272,6.45,26,2020
251,Quinnipiac,MAAC,15-15,-7.65,100.7,207,108.3,300,68.9,141,0.028,108,-6.46,311,98,332,104.5,251,-6.81,343,2020
252,Louisiana Monroe,SB,20-Sep,-7.68,96.1,287,103.7,201,64.9,322,-0.056,311,0.58,131,103.1,123,102.5,150,1.79,111,2020
253,Utah Valley,WAC,19-Nov,-7.74,96.5,277,104.2,215,70.4,69,-0.092,338,-3.73,237,100.9,235,104.7,256,-0.71,201,2020
254,Norfolk St,MEAC,16-15,-7.76,94.2,321,101.9,164,67.5,225,-0.052,309,-9.57,349,97,343,106.6,334,2.04,102,2020
255,Navy,Pat,14-16,-7.9,98.1,254,106,258,62.5,351,0.018,140,-5.44,281,99.7,281,105.2,277,-4.06,302,2020
256,UMBC,AE,16-17,-7.93,97.8,258,105.7,252,66.8,255,0.011,158,-4.23,247,99.7,280,104,219,-0.17,184,2020
257,VMI,SC,24-Sep,-7.96,100.2,215,108.1,296,67.9,203,-0.143,352,-2.27,211,102.2,174,104.5,250,-6.37,340,2020
258,Canisius,MAAC,20-Dec,-7.97,97.7,259,105.7,249,70,86,-0.04,282,-4.41,249,99.1,308,103.5,196,-0.87,208,2020
259,Tennessee St,OVC,18-15,-8.15,96.4,279,104.6,222,69.3,121,0.054,47,-6.32,307,99.5,297,105.8,309,-0.38,191,2020
260,St Joseph's PA,A10,26-Jun,-8.34,101.9,193,110.2,315,71.2,47,0.009,162,5.48,76,105,84,99.5,75,4.7,45,2020
261,Purdue Fort Wayne,Sum,14-19,-8.43,95.4,299,103.8,204,67.9,205,-0.006,202,-2.76,220,103.7,107,106.5,331,-2.54,255,2020
262,Campbell,BSth,15-16,-8.5,96.8,275,105.3,239,65.6,306,-0.047,300,-8.04,335,99.6,293,107.6,349,-4.59,313,2020
263,CS Fullerton,BW,20-Nov,-8.54,95.9,292,104.5,218,69.3,114,0.01,160,-1.83,198,101.5,218,103.3,183,2.33,95,2020
264,Army,Pat,15-15,-8.63,98.8,242,107.4,281,69.5,106,0.046,60,-6.82,316,99.9,272,106.7,336,-6.73,342,2020
265,Grand Canyon,WAC,13-17,-8.68,103.4,164,112.1,327,68,198,0.02,130,-5.37,274,99.1,310,104.4,247,-2.57,259,2020
266,CS Bakersfield,WAC,19-Dec,-8.7,96.2,286,104.9,228,64.9,321,-0.063,318,-3.58,234,101.9,192,105.4,290,2.55,89,2020
267,LIU,NEC,15-18,-8.71,97.4,265,106.1,259,72.8,23,0.017,141,-6.28,305,100.1,263,106.4,328,-0.08,182,2020
268,Loyola MD,Pat,15-17,-8.75,100.4,213,109.1,309,71,52,0.018,139,-6.87,318,99.9,275,106.7,338,-7.3,345,2020
269,Manhattan,MAAC,13-18,-8.76,92.8,331,101.6,160,65.8,296,-0.011,215,-5.62,289,98.6,323,104.3,239,-4.38,307,2020
270,Northwestern LA,Slnd,15-15,-8.87,98.3,251,107.1,278,72.4,29,0.015,147,-7.15,325,100,268,107.2,346,5.85,31,2020
271,WI Milwaukee,Horz,19-Dec,-8.89,96,288,104.9,232,69.5,102,-0.015,227,-5.12,269,100.6,248,105.7,305,-3.09,276,2020
272,NC Central,MEAC,18-13,-9,94.2,319,103.2,193,66.6,263,0.065,35,-8.95,344,97.3,340,106.3,326,6.55,25,2020
273,Weber St,BSky,20-Dec,-9.09,98.8,241,107.9,291,67.6,216,0.015,145,0.04,145,102.3,162,102.2,134,5.18,36,2020
274,Cornell,Ivy,20-Jul,-9.1,101.2,198,110.3,317,65.2,314,-0.105,343,-0.05,148,101.7,203,101.8,119,-0.27,186,2020
275,UMass Lowell,AE,13-19,-9.15,104.4,144,113.6,337,70.3,72,-0.036,275,-6.19,301,97.8,336,104,223,-5.29,323,2020
276,McNeese St,Slnd,15-17,-9.32,103,172,112.3,330,69,137,-0.039,281,-6.68,314,99.2,304,105.9,313,7.69,17,2020
277,Elon,CAA,13-21,-9.35,100.6,208,110,313,66.2,278,-0.013,219,-2.08,204,102.2,170,104.3,244,1.1,143,2020
278,TX Southern,SWAC,16-16,-9.42,99.1,237,108.6,304,72.9,22,0.086,13,-5.49,284,97.6,338,103.1,175,14.38,2,2020
279,Southern Miss,CUSA,22-Sep,-9.44,94.4,313,103.8,207,67.2,238,-0.01,211,2.47,108,104.7,88,102.2,131,9.01,13,2020
280,Eastern Kentucky,OVC,16-17,-9.46,95.4,297,104.9,230,74.5,6,0.07,27,-5.4,276,99.9,273,105.3,282,1.05,146,2020
281,Jackson St,SWAC,15-17,-9.55,92.8,333,102.3,176,68.7,157,-0.012,218,-7.8,330,97.1,341,104.9,271,7.6,18,2020
282,SUNY Albany,AE,14-18,-9.55,94.3,316,103.9,208,68.5,166,0.011,156,-5.6,287,99.1,309,104.7,257,-4.51,310,2020
283,Central Arkansas,Slnd,21-Oct,-9.56,98,256,107.6,285,73.2,15,-0.021,238,-2.02,203,101.9,188,104,222,12.93,4,2020
284,North Alabama,ASun,13-17,-9.57,96,289,105.6,248,70.1,83,-0.011,216,-5.38,275,99.5,296,104.9,266,0.59,161,2020
285,Jacksonville St,OVC,13-19,-9.67,95.8,293,105.5,245,68.1,189,-0.078,328,-8,334,98.9,316,106.9,345,-2.74,265,2020
286,Portland,WCC,23-Sep,-9.93,94.4,314,104.3,216,69.3,122,-0.015,226,1.74,117,103.7,108,102,124,-4.31,305,2020
287,NC A&T,MEAC,17-15,-10.07,92.3,335,102.4,177,73.7,9,0.068,30,-8.66,343,97.1,342,105.7,307,4.11,55,2020
288,Stetson,ASun,16-17,-10.22,98.1,255,108.3,299,63.2,344,0.083,14,-5.43,279,99.4,299,104.8,262,-2.55,257,2020
289,F Dickinson,NEC,19-Nov,-10.23,102.1,186,112.4,331,68.9,142,-0.027,255,-4.93,263,99.4,298,104.3,245,3.47,66,2020
290,San Jose St,MWC,24-Jul,-10.31,97.5,262,107.8,289,73.3,13,0.009,163,4.69,82,106,54,101.3,102,2.3,97,2020
291,Idaho St,BSky,22-Aug,-10.37,100.8,206,111.1,321,67.4,230,0.008,165,-0.26,153,102.4,156,102.7,159,4.22,52,2020
292,Bethune Cookman,MEAC,16-14,-10.39,95.4,298,105.8,254,73,20,0.012,154,-9.66,350,96.1,350,105.7,306,1.58,122,2020
293,Troy,SB,22-Sep,-10.43,96.2,284,106.6,268,69.3,119,-0.027,256,-0.83,172,102.3,164,103.1,173,-2.74,264,2020
294,Evansville,MVC,23-Sep,-10.56,96.9,274,107.4,280,67.6,217,0.015,146,0.3,141,103,131,102.7,157,-4.81,318,2020
295,Middle Tennessee,CUSA,23-Aug,-10.66,97.5,264,108.2,298,69.8,95,0.003,175,0.97,125,102.7,143,101.7,118,4.27,50,2020
296,NJIT,ASun,21-Sep,-11.07,94.7,307,105.8,255,66.9,249,-0.079,329,-4,242,100.5,249,104.5,252,0.65,158,2020
297,Long Beach St,BW,21-Nov,-11.08,94.2,320,105.3,238,70.9,55,0.08,17,0.81,128,102.8,141,101.9,123,7.78,16,2020
298,Mt St Mary's,NEC,21-Nov,-11.1,96.4,281,107.5,283,63.2,345,-0.074,323,-6.02,298,99.8,278,105.8,310,-2.64,261,2020
299,Columbia,Ivy,24-Jun,-11.27,95.2,302,106.5,267,69.1,132,-0.13,350,-0.8,169,101.6,213,102.4,144,-2.23,250,2020
300,Niagara,MAAC,20-Dec,-11.54,100.1,218,111.6,325,66,289,0.068,31,-2.97,222,99.4,300,102.3,139,3.87,60,2020
301,Fairfield,MAAC,20-Dec,-11.59,90.1,344,101.6,161,63.2,346,0.045,65,-4.52,252,99.6,287,104.2,235,-1.19,220,2020
302,UNC Asheville,BSth,15-16,-11.61,98.7,243,110.3,318,71,51,0.017,142,-9.29,347,99.5,295,108.8,353,-3.42,283,2020
303,TAM C. Christi,Slnd,14-18,-11.71,94.3,317,106,257,65.7,303,0.029,105,-6.58,312,99.6,290,106.2,321,0.37,167,2020
304,Lehigh,Pat,21-Nov,-11.72,97,269,108.8,305,68.4,174,0.046,62,-2.26,210,102.2,176,104.4,248,5.4,34,2020
305,Denver,Sum,24-Jul,-11.75,95,303,106.8,274,70.9,53,-0.044,291,-1.67,193,103.2,119,104.9,269,-0.59,197,2020
306,Detroit,Horz,23-Aug,-11.84,99.9,221,111.7,326,69.3,117,-0.031,265,-2.12,205,101.7,207,103.8,209,4.31,49,2020
307,St Francis NY,NEC,13-18,-11.9,94.6,308,106.5,266,70.3,70,0.024,118,-7,322,98.8,318,105.8,311,-5.94,336,2020
308,Hampton,BSth,15-19,-11.95,104.8,135,116.7,345,70.9,56,0.041,76,-5.58,286,99.8,276,105.4,288,1.66,116,2020
309,Grambling St,SWAC,17-15,-11.99,93.1,328,105.1,235,68.7,151,0.046,61,-9.04,346,96.6,346,105.6,301,5.03,38,2020
310,FL Gulf Coast,ASun,22-Oct,-12.02,91.2,340,103.3,194,66.1,286,-0.032,266,-3.89,238,100.2,256,104.1,225,1.03,147,2020
311,James Madison,CAA,21-Sep,-12.11,99.5,230,111.6,323,72.1,32,-0.016,230,-3.35,232,100.8,239,104.1,231,-3.99,299,2020
312,UNC Wilmington,CAA,22-Oct,-12.4,92.1,337,104.5,219,68.5,165,0.019,135,-1.37,187,103.2,120,104.5,253,1.96,106,2020
313,Cleveland St,Horz,21-Nov,-12.83,92.9,329,105.7,250,67.1,241,0.048,55,-2.37,215,101.8,198,104.1,232,3.41,69,2020
314,Florida A&M,MEAC,15-Dec,-12.85,94.4,311,107.3,279,68.6,160,0.1,9,-6.28,304,97.9,333,104.2,237,8.42,14,2020
315,Cal Poly,BW,23-Jul,-13.25,95.2,301,108.5,302,68.3,175,-0.038,279,-0.34,156,103,130,103.3,186,6.25,27,2020
316,Morehead St,OVC,13-19,-13.52,94.6,309,108.1,294,67.3,232,-0.001,184,-7.49,327,98.6,324,106.1,318,-4.35,306,2020
317,Marist,MAAC,23-Jul,-13.59,90.2,343,103.8,203,65.2,316,-0.105,344,-6.9,319,97.8,335,104.7,260,-8.93,349,2020
318,Charleston Southern Univ,BSth,14-18,-13.61,95.4,296,109.1,308,66.9,250,0.033,98,-7.88,331,99.6,291,107.5,348,0.67,157,2020
319,Longwood,BSth,14-18,-13.82,91.3,339,105.1,234,67.8,207,-0.001,185,-9.51,348,98.4,327,107.9,352,-6.18,338,2020
320,Maine,AE,22-Sep,-13.91,92.9,330,106.8,273,65.9,294,-0.03,264,-3.08,225,99.6,288,102.7,160,0.48,163,2020
321,Samford,SC,23-Oct,-14.01,98.6,245,112.6,332,72.8,25,0.008,166,0.07,144,103.5,114,103.4,194,0.08,176,2020
322,Morgan St,MEAC,15-16,-14.26,93.2,327,107.5,282,69.6,100,0.039,81,-10.67,353,96.2,349,106.9,344,-0.52,194,2020
323,Idaho,BSky,24-Aug,-14.29,92.8,332,107.1,277,68.9,140,-0.023,244,-1.35,185,102.2,172,103.6,201,-1.61,231,2020
324,Alcorn St,SWAC,15-15,-14.36,96.9,271,111.3,322,70.1,82,0.037,85,-8.46,341,95.1,352,103.6,200,9.06,12,2020
325,USC Upstate,BSth,13-20,-15.34,95.5,295,110.8,320,69.2,128,0.036,88,-6.31,306,100.4,253,106.7,339,1.57,123,2020
326,New Orleans,Slnd,21-Sep,-15.51,99.3,233,114.8,342,69.8,94,-0.044,290,-4.21,244,100.6,243,104.8,264,15.78,1,2020
327,Coppin St,MEAC,20-Nov,-15.66,89.6,346,105.3,240,73.4,12,0.038,82,-7.96,332,97.5,339,105.5,292,2.53,90,2020
328,IUPUI,Horz,25-Jul,-16.18,99.4,231,115.6,344,70.8,58,-0.068,321,-3.07,224,100.5,250,103.6,203,1.27,137,2020
329,Wagner,NEC,21-Aug,-16.64,97.3,266,113.9,339,67.5,223,-0.024,249,-5.43,278,98.9,315,104.4,246,2.13,99,2020
330,Western Illinois,Sum,21-May,-16.68,98.3,250,115,343,71.3,44,-0.082,332,-3.06,223,102.5,151,105.5,296,-4.75,316,2020
331,Tennessee Tech,OVC,22-Sep,-16.73,92.5,334,109.3,310,66.9,252,0.025,113,-5.01,265,100.6,247,105.6,302,2.09,101,2020
332,Alabama St,SWAC,24-Aug,-17.19,86.2,350,103.4,198,69.7,97,-0.022,241,-5.47,282,98.7,321,104.2,236,10.67,9,2020
333,Binghamton,AE,19-Oct,-17.22,99.7,224,116.9,346,68.6,164,0.073,22,-4.46,250,99.6,289,104.1,227,-1.86,241,2020
334,The Citadel,SC,24-Jun,-17.25,94.9,305,112.2,328,73.7,10,0.02,129,0.01,147,103.2,121,103.1,176,-2.59,260,2020
335,Presbyterian,BSth,22-Oct,-17.47,96.9,272,114.4,341,66.9,253,0.005,171,-6.95,321,99.5,294,106.4,329,-2.03,244,2020
336,SE Louisiana,Slnd,23-Aug,-17.62,92,338,109.6,312,72.1,33,-0.008,206,-4.86,262,100.3,254,105.2,278,4.94,40,2020
337,SIU Edwardsville,OVC,23-Aug,-17.72,92.3,336,110,314,69,136,-0.034,272,-5.97,294,100.5,252,106.5,330,-0.36,190,2020
338,Tennessee Martin,OVC,20-Sep,-17.82,105.1,128,122.9,353,68.7,149,0.045,63,-4.8,260,100.1,262,104.9,270,4.71,44,2020
339,S Carolina St,MEAC,18-Nov,-18.29,94.9,306,113.2,335,67.4,226,0.014,151,-10.23,351,95.9,351,106.1,320,0.68,156,2020
340,Southeast Missouri St,OVC,24-Jul,-19,94,324,113,334,67.6,218,-0.016,229,-5.99,295,99.7,283,105.7,304,-0.78,205,2020
341,High Point,BSth,23-Sep,-19.07,94.5,310,113.6,338,66.4,271,0.035,91,-5.06,266,101,232,106.1,317,3.44,68,2020
342,Houston Baptist,Slnd,25-Apr,-19.38,102.9,175,122.3,352,76.1,2,0.002,181,-3.12,227,101,234,104.1,229,13.24,3,2020
343,Alabama A&M,SWAC,22-Aug,-20.22,87.9,348,108.2,297,67.7,213,0.014,150,-8.13,337,96.3,347,104.5,249,2.36,94,2020
344,Holy Cross,Pat,29-Mar,-21.34,95.9,291,117.3,348,68.3,177,-0.042,288,-3.21,230,100.7,240,103.9,218,0.04,179,2020
345,Incarnate Word,Slnd,22-Sep,-22.46,90.3,341,112.8,333,66.1,283,0.066,34,-6.92,320,99.3,301,106.3,325,-2.27,251,2020
346,Delaware St,MEAC,26-Jun,-23.11,94.1,323,117.2,347,74.7,5,-0.042,284,-10.56,352,95,353,105.6,298,-3.21,279,2020
347,Central Conn,NEC,27-Apr,-23.67,90.3,342,114,340,69.5,104,-0.014,224,-4.23,246,100.1,265,104.3,242,1.42,129,2020
348,Ark Pine Bluff,SWAC,26-Apr,-25.63,79,353,104.6,223,66.1,284,-0.008,207,-4.63,254,98.7,322,103.3,182,12.03,5,2020
349,Maryland Eastern Shore,MEAC,27-May,-26.14,81.7,352,107.8,288,67.5,221,-0.024,248,-6.4,309,97.6,337,104.1,226,7.78,15,2020
350,Howard,MEAC,29-Apr,-26.15,93.6,326,119.7,350,70.2,75,-0.015,228,-8.29,339,96.7,344,105,274,0.96,152,2020
351,MS Valley St,SWAC,27-Apr,-27.87,89.8,345,117.6,349,77.1,1,-0.027,254,-6.01,297,97.8,334,103.9,215,5.14,37,2020
352,Kennesaw St,ASun,28-Jan,-28.71,83.5,351,112.2,329,68.2,186,-0.042,287,-1.74,195,102,187,103.7,204,4.1,56,2020
353,Chicago St,WAC,25-Apr,-33.99,86.9,349,120.8,351,69,135,-0.029,262,-3.64,235,100.6,244,104.3,240,-0.75,204,2020
